region,date,confirm
Abruzzo,2020-11-11,662
Basilicata,2020-11-11,168
Calabria,2020-11-11,376
Campania,2020-11-11,3166
Emilia-Romagna,2020-11-11,2428
Friuli Venezia Giulia,2020-11-11,572
Lazio,2020-11-11,2479
Liguria,2020-11-11,1102
Lombardia,2020-11-11,8180
Marche,2020-11-11,701
Molise,2020-11-11,71
Piemonte,2020-11-11,2953
Puglia,2020-11-11,1332
Sardegna,2020-11-11,416
Sicilia,2020-11-11,1487
Toscana,2020-11-11,2507
Trentino-Alto Adige,2020-11-11,639
Trentino-Alto Adige,2020-11-11,0
Umbria,2020-11-11,515
Valle d'Aosta,2020-11-11,125
Veneto,2020-11-11,3082
Abruzzo,2020-11-12,541
Basilicata,2020-11-12,202
Calabria,2020-11-12,426
Campania,2020-11-12,4065
Emilia-Romagna,2020-11-12,2401
Friuli Venezia Giulia,2020-11-12,838
Lazio,2020-11-12,2686
Liguria,2020-11-12,1013
Lombardia,2020-11-12,9291
Marche,2020-11-12,834
Molise,2020-11-12,73
Piemonte,2020-11-12,4787
Puglia,2020-11-12,1434
Sardegna,2020-11-12,301
Sicilia,2020-11-12,1692
Toscana,2020-11-12,1932
Trentino-Alto Adige,2020-11-12,947
Trentino-Alto Adige,2020-11-12,0
Umbria,2020-11-12,783
Valle d'Aosta,2020-11-12,167
Veneto,2020-11-12,3564
Abruzzo,2020-11-13,683
Basilicata,2020-11-13,307
Calabria,2020-11-13,297
Campania,2020-11-13,4079
Emilia-Romagna,2020-11-13,2384
Friuli Venezia Giulia,2020-11-13,831
Lazio,2020-11-13,2925
Liguria,2020-11-13,1209
Lombardia,2020-11-13,10634
Marche,2020-11-13,740
Molise,2020-11-13,63
Piemonte,2020-11-13,5258
Puglia,2020-11-13,1350
Sardegna,2020-11-13,623
Sicilia,2020-11-13,1707
Toscana,2020-11-13,2478
Trentino-Alto Adige,2020-11-13,1022
Trentino-Alto Adige,2020-11-13,0
Umbria,2020-11-13,604
Valle d'Aosta,2020-11-13,103
Veneto,2020-11-13,3605
Abruzzo,2020-11-14,939
Basilicata,2020-11-14,265
Calabria,2020-11-14,333
Campania,2020-11-14,3351
Emilia-Romagna,2020-11-14,2631
Friuli Venezia Giulia,2020-11-14,558
Lazio,2020-11-14,2997
Liguria,2020-11-14,1091
Lombardia,2020-11-14,8129
Marche,2020-11-14,779
Molise,2020-11-14,121
Piemonte,2020-11-14,4471
Puglia,2020-11-14,1741
Sardegna,2020-11-14,396
Sicilia,2020-11-14,1729
Toscana,2020-11-14,2420
Trentino-Alto Adige,2020-11-14,896
Trentino-Alto Adige,2020-11-14,0
Umbria,2020-11-14,579
Valle d'Aosta,2020-11-14,245
Veneto,2020-11-14,3578
Abruzzo,2020-11-15,469
Basilicata,2020-11-15,158
Calabria,2020-11-15,344
Campania,2020-11-15,3771
Emilia-Romagna,2020-11-15,2821
Friuli Venezia Giulia,2020-11-15,608
Lazio,2020-11-15,2612
Liguria,2020-11-15,822
Lombardia,2020-11-15,8060
Marche,2020-11-15,707
Molise,2020-11-15,85
Piemonte,2020-11-15,3682
Puglia,2020-11-15,905
Sardegna,2020-11-15,370
Sicilia,2020-11-15,1422
Toscana,2020-11-15,2653
Trentino-Alto Adige,2020-11-15,896
Trentino-Alto Adige,2020-11-15,0
Umbria,2020-11-15,657
Valle d'Aosta,2020-11-15,143
Veneto,2020-11-15,2792
Abruzzo,2020-11-16,641
Basilicata,2020-11-16,127
Calabria,2020-11-16,297
Campania,2020-11-16,4079
Emilia-Romagna,2020-11-16,2546
Friuli Venezia Giulia,2020-11-16,456
Lazio,2020-11-16,2407
Liguria,2020-11-16,365
Lombardia,2020-11-16,4128
Marche,2020-11-16,282
Molise,2020-11-16,126
Piemonte,2020-11-16,3476
Puglia,2020-11-16,1044
Sardegna,2020-11-16,411
Sicilia,2020-11-16,1461
Toscana,2020-11-16,2433
Trentino-Alto Adige,2020-11-16,725
Trentino-Alto Adige,2020-11-16,0
Umbria,2020-11-16,283
Valle d'Aosta,2020-11-16,99
Veneto,2020-11-16,1966
Abruzzo,2020-11-17,729
Basilicata,2020-11-17,269
Calabria,2020-11-17,680
Campania,2020-11-17,3019
Emilia-Romagna,2020-11-17,2219
Friuli Venezia Giulia,2020-11-17,536
Lazio,2020-11-17,2538
Liguria,2020-11-17,685
Lombardia,2020-11-17,8448
Marche,2020-11-17,357
Molise,2020-11-17,147
Piemonte,2020-11-17,2606
Puglia,2020-11-17,1234
Sardegna,2020-11-17,502
Sicilia,2020-11-17,1698
Toscana,2020-11-17,2361
Trentino-Alto Adige,2020-11-17,534
Trentino-Alto Adige,2020-11-17,0
Umbria,2020-11-17,351
Valle d'Aosta,2020-11-17,154
Veneto,2020-11-17,3124
Abruzzo,2020-11-18,641
Basilicata,2020-11-18,237
Calabria,2020-11-18,936
Campania,2020-11-18,3657
Emilia-Romagna,2020-11-18,2369
Friuli Venezia Giulia,2020-11-18,796
Lazio,2020-11-18,2866
Liguria,2020-11-18,775
Lombardia,2020-11-18,7633
Marche,2020-11-18,479
Molise,2020-11-18,98
Piemonte,2020-11-18,3281
Puglia,2020-11-18,1368
Sardegna,2020-11-18,422
Sicilia,2020-11-18,1837
Toscana,2020-11-18,2508
Trentino-Alto Adige,2020-11-18,817
Trentino-Alto Adige,2020-11-18,0
Umbria,2020-11-18,501
Valle d'Aosta,2020-11-18,87
Veneto,2020-11-18,2972
Abruzzo,2020-11-19,649
Basilicata,2020-11-19,271
Calabria,2020-11-19,506
Campania,2020-11-19,3334
Emilia-Romagna,2020-11-19,2160
Friuli Venezia Giulia,2020-11-19,1197
Lazio,2020-11-19,2697
Liguria,2020-11-19,792
Lombardia,2020-11-19,7453
Marche,2020-11-19,667
Molise,2020-11-19,154
Piemonte,2020-11-19,5349
Puglia,2020-11-19,1263
Sardegna,2020-11-19,479
Sicilia,2020-11-19,1871
Toscana,2020-11-19,1972
Trentino-Alto Adige,2020-11-19,962
Trentino-Alto Adige,2020-11-19,0
Umbria,2020-11-19,556
Valle d'Aosta,2020-11-19,91
Veneto,2020-11-19,3753
Abruzzo,2020-11-20,705
Basilicata,2020-11-20,219
Calabria,2020-11-20,515
Campania,2020-11-20,4226
Emilia-Romagna,2020-11-20,2530
Friuli Venezia Giulia,2020-11-20,1018
Lazio,2020-11-20,2667
Liguria,2020-11-20,761
Lombardia,2020-11-20,9221
Marche,2020-11-20,512
Molise,2020-11-20,139
Piemonte,2020-11-20,3861
Puglia,2020-11-20,1456
Sardegna,2020-11-20,581
Sicilia,2020-11-20,1634
Toscana,2020-11-20,2207
Trentino-Alto Adige,2020-11-20,970
Trentino-Alto Adige,2020-11-20,0
Umbria,2020-11-20,394
Valle d'Aosta,2020-11-20,155
Veneto,2020-11-20,3468
Abruzzo,2020-11-21,541
Basilicata,2020-11-21,260
Calabria,2020-11-21,425
Campania,2020-11-21,3554
Emilia-Romagna,2020-11-21,2720
Friuli Venezia Giulia,2020-11-21,1043
Lazio,2020-11-21,2658
Liguria,2020-11-21,761
Lombardia,2020-11-21,8853
Marche,2020-11-21,452
Molise,2020-11-21,157
Piemonte,2020-11-21,2896
Puglia,2020-11-21,1377
Sardegna,2020-11-21,511
Sicilia,2020-11-21,1838
Toscana,2020-11-21,1892
Trentino-Alto Adige,2020-11-21,760
Trentino-Alto Adige,2020-11-21,0
Umbria,2020-11-21,408
Valle d'Aosta,2020-11-21,91
Veneto,2020-11-21,3567
Abruzzo,2020-11-22,560
Basilicata,2020-11-22,208
Calabria,2020-11-22,444
Campania,2020-11-22,3217
Emilia-Romagna,2020-11-22,2665
Friuli Venezia Giulia,2020-11-22,675
Lazio,2020-11-22,2533
Liguria,2020-11-22,611
Lombardia,2020-11-22,5094
Marche,2020-11-22,529
Molise,2020-11-22,93
Piemonte,2020-11-22,2641
Puglia,2020-11-22,1327
Sardegna,2020-11-22,404
Sicilia,2020-11-22,1258
Toscana,2020-11-22,1929
Trentino-Alto Adige,2020-11-22,694
Trentino-Alto Adige,2020-11-22,0
Umbria,2020-11-22,400
Valle d'Aosta,2020-11-22,99
Veneto,2020-11-22,2956
Abruzzo,2020-11-23,640
Basilicata,2020-11-23,58
Calabria,2020-11-23,321
Campania,2020-11-23,2158
Emilia-Romagna,2020-11-23,2344
Friuli Venezia Giulia,2020-11-23,377
Lazio,2020-11-23,2341
Liguria,2020-11-23,285
Lombardia,2020-11-23,5289
Marche,2020-11-23,161
Molise,2020-11-23,91
Piemonte,2020-11-23,1730
Puglia,2020-11-23,980
Sardegna,2020-11-23,505
Sicilia,2020-11-23,1249
Toscana,2020-11-23,1323
Trentino-Alto Adige,2020-11-23,353
Trentino-Alto Adige,2020-11-23,0
Umbria,2020-11-23,105
Valle d'Aosta,2020-11-23,77
Veneto,2020-11-23,2540
Abruzzo,2020-11-24,534
Basilicata,2020-11-24,261
Calabria,2020-11-24,307
Campania,2020-11-24,1764
Emilia-Romagna,2020-11-24,2498
Friuli Venezia Giulia,2020-11-24,554
Lazio,2020-11-24,2509
Liguria,2020-11-24,509
Lombardia,2020-11-24,4886
Marche,2020-11-24,351
Molise,2020-11-24,71
Piemonte,2020-11-24,2070
Puglia,2020-11-24,1567
Sardegna,2020-11-24,290
Sicilia,2020-11-24,1306
Toscana,2020-11-24,962
Trentino-Alto Adige,2020-11-24,303
Trentino-Alto Adige,2020-11-24,0
Umbria,2020-11-24,218
Valle d'Aosta,2020-11-24,73
Veneto,2020-11-24,2194
Abruzzo,2020-11-25,623
Basilicata,2020-11-25,329
Calabria,2020-11-25,335
Campania,2020-11-25,2815
Emilia-Romagna,2020-11-25,2129
Friuli Venezia Giulia,2020-11-25,696
Lazio,2020-11-25,2102
Liguria,2020-11-25,460
Lombardia,2020-11-25,5173
Marche,2020-11-25,448
Molise,2020-11-25,106
Piemonte,2020-11-25,2878
Puglia,2020-11-25,1511
Sardegna,2020-11-25,351
Sicilia,2020-11-25,1317
Toscana,2020-11-25,986
Trentino-Alto Adige,2020-11-25,520
Trentino-Alto Adige,2020-11-25,0
Umbria,2020-11-25,386
Valle d'Aosta,2020-11-25,27
Veneto,2020-11-25,2660
Abruzzo,2020-11-26,570
Basilicata,2020-11-26,236
Calabria,2020-11-26,397
Campania,2020-11-26,3008
Emilia-Romagna,2020-11-26,2155
Friuli Venezia Giulia,2020-11-26,814
Lazio,2020-11-26,2260
Liguria,2020-11-26,570
Lombardia,2020-11-26,5697
Marche,2020-11-26,519
Molise,2020-11-26,108
Piemonte,2020-11-26,2751
Puglia,2020-11-26,1436
Sardegna,2020-11-26,405
Sicilia,2020-11-26,1768
Toscana,2020-11-26,1351
Trentino-Alto Adige,2020-11-26,589
Trentino-Alto Adige,2020-11-26,0
Umbria,2020-11-26,343
Valle d'Aosta,2020-11-26,44
Veneto,2020-11-26,3980
Abruzzo,2020-11-27,510
Basilicata,2020-11-27,209
Calabria,2020-11-27,468
Campania,2020-11-27,2924
Emilia-Romagna,2020-11-27,2164
Friuli Venezia Giulia,2020-11-27,864
Lazio,2020-11-27,2276
Liguria,2020-11-27,606
Lombardia,2020-11-27,5389
Marche,2020-11-27,490
Molise,2020-11-27,79
Piemonte,2020-11-27,3149
Puglia,2020-11-27,1737
Sardegna,2020-11-27,375
Sicilia,2020-11-27,1566
Toscana,2020-11-27,1117
Trentino-Alto Adige,2020-11-27,639
Trentino-Alto Adige,2020-11-27,0
Umbria,2020-11-27,261
Valle d'Aosta,2020-11-27,101
Veneto,2020-11-27,3418
Abruzzo,2020-11-28,531
Basilicata,2020-11-28,215
Calabria,2020-11-28,426
Campania,2020-11-28,2729
Emilia-Romagna,2020-11-28,2165
Friuli Venezia Giulia,2020-11-28,1432
Lazio,2020-11-28,2070
Liguria,2020-11-28,454
Lombardia,2020-11-28,4615
Marche,2020-11-28,473
Molise,2020-11-28,148
Piemonte,2020-11-28,2157
Puglia,2020-11-28,1573
Sardegna,2020-11-28,311
Sicilia,2020-11-28,1189
Toscana,2020-11-28,1196
Trentino-Alto Adige,2020-11-28,713
Trentino-Alto Adige,2020-11-28,0
Umbria,2020-11-28,348
Valle d'Aosta,2020-11-28,72
Veneto,2020-11-28,3498
Abruzzo,2020-11-29,413
Basilicata,2020-11-29,172
Calabria,2020-11-29,294
Campania,2020-11-29,2022
Emilia-Romagna,2020-11-29,1848
Friuli Venezia Giulia,2020-11-29,680
Lazio,2020-11-29,1993
Liguria,2020-11-29,437
Lombardia,2020-11-29,3203
Marche,2020-11-29,518
Molise,2020-11-29,114
Piemonte,2020-11-29,2021
Puglia,2020-11-29,907
Sardegna,2020-11-29,416
Sicilia,2020-11-29,1024
Toscana,2020-11-29,908
Trentino-Alto Adige,2020-11-29,702
Trentino-Alto Adige,2020-11-29,0
Umbria,2020-11-29,310
Valle d'Aosta,2020-11-29,47
Veneto,2020-11-29,2617
Abruzzo,2020-11-30,555
Basilicata,2020-11-30,92
Calabria,2020-11-30,270
Campania,2020-11-30,1626
Emilia-Romagna,2020-11-30,2041
Friuli Venezia Giulia,2020-11-30,575
Lazio,2020-11-30,1589
Liguria,2020-11-30,236
Lombardia,2020-11-30,1929
Marche,2020-11-30,252
Molise,2020-11-30,87
Piemonte,2020-11-30,1185
Puglia,2020-11-30,1102
Sardegna,2020-11-30,329
Sicilia,2020-11-30,1138
Toscana,2020-11-30,893
Trentino-Alto Adige,2020-11-30,359
Trentino-Alto Adige,2020-11-30,0
Umbria,2020-11-30,68
Valle d'Aosta,2020-11-30,47
Veneto,2020-11-30,2003
Abruzzo,2020-12-01,396
Basilicata,2020-12-01,156
Calabria,2020-12-01,318
Campania,2020-12-01,1113
Emilia-Romagna,2020-12-01,1468
Friuli Venezia Giulia,2020-12-01,736
Lazio,2020-12-01,1669
Liguria,2020-12-01,339
Lombardia,2020-12-01,4048
Marche,2020-12-01,337
Molise,2020-12-01,60
Piemonte,2020-12-01,1617
Puglia,2020-12-01,1659
Sardegna,2020-12-01,420
Sicilia,2020-12-01,1399
Toscana,2020-12-01,658
Trentino-Alto Adige,2020-12-01,250
Trentino-Alto Adige,2020-12-01,0
Umbria,2020-12-01,144
Valle d'Aosta,2020-12-01,25
Veneto,2020-12-01,2535
Abruzzo,2020-12-02,381
Basilicata,2020-12-02,157
Calabria,2020-12-02,230
Campania,2020-12-02,1842
Emilia-Romagna,2020-12-02,1569
Friuli Venezia Giulia,2020-12-02,812
Lazio,2020-12-02,1791
Liguria,2020-12-02,349
Lombardia,2020-12-02,3425
Marche,2020-12-02,421
Molise,2020-12-02,95
Piemonte,2020-12-02,1568
Puglia,2020-12-02,1668
Sardegna,2020-12-02,445
Sicilia,2020-12-02,1483
Toscana,2020-12-02,776
Trentino-Alto Adige,2020-12-02,595
Trentino-Alto Adige,2020-12-02,0
Umbria,2020-12-02,278
Valle d'Aosta,2020-12-02,42
Veneto,2020-12-02,2782
Abruzzo,2020-12-03,395
Basilicata,2020-12-03,131
Calabria,2020-12-03,280
Campania,2020-12-03,2295
Emilia-Romagna,2020-12-03,1760
Friuli Venezia Giulia,2020-12-03,772
Lazio,2020-12-03,1769
Liguria,2020-12-03,422
Lombardia,2020-12-03,3751
Marche,2020-12-03,476
Molise,2020-12-03,53
Piemonte,2020-12-03,2230
Puglia,2020-12-03,1602
Sardegna,2020-12-03,538
Sicilia,2020-12-03,1294
Toscana,2020-12-03,929
Trentino-Alto Adige,2020-12-03,613
Trentino-Alto Adige,2020-12-03,0
Umbria,2020-12-03,286
Valle d'Aosta,2020-12-03,42
Veneto,2020-12-03,3581
Abruzzo,2020-12-04,408
Basilicata,2020-12-04,142
Calabria,2020-12-04,349
Campania,2020-12-04,1651
Emilia-Romagna,2020-12-04,2139
Friuli Venezia Giulia,2020-12-04,1040
Lazio,2020-12-04,1831
Liguria,2020-12-04,367
Lombardia,2020-12-04,4533
Marche,2020-12-04,492
Molise,2020-12-04,177
Piemonte,2020-12-04,2132
Puglia,2020-12-04,1419
Sardegna,2020-12-04,551
Sicilia,2020-12-04,1365
Toscana,2020-12-04,1071
Trentino-Alto Adige,2020-12-04,540
Trentino-Alto Adige,2020-12-04,0
Umbria,2020-12-04,168
Valle d'Aosta,2020-12-04,27
Veneto,2020-12-04,3708
Abruzzo,2020-12-05,376
Basilicata,2020-12-05,131
Calabria,2020-12-05,306
Campania,2020-12-05,1521
Emilia-Romagna,2020-12-05,1964
Friuli Venezia Giulia,2020-12-05,755
Lazio,2020-12-05,1783
Liguria,2020-12-05,314
Lombardia,2020-12-05,3148
Marche,2020-12-05,418
Molise,2020-12-05,152
Piemonte,2020-12-05,1456
Puglia,2020-12-05,1884
Sardegna,2020-12-05,464
Sicilia,2020-12-05,1240
Toscana,2020-12-05,769
Trentino-Alto Adige,2020-12-05,492
Trentino-Alto Adige,2020-12-05,0
Umbria,2020-12-05,226
Valle d'Aosta,2020-12-05,46
Veneto,2020-12-05,3607
Abruzzo,2020-12-06,294
Basilicata,2020-12-06,81
Calabria,2020-12-06,340
Campania,2020-12-06,1552
Emilia-Romagna,2020-12-06,1788
Friuli Venezia Giulia,2020-12-06,702
Lazio,2020-12-06,1632
Liguria,2020-12-06,304
Lombardia,2020-12-06,2413
Marche,2020-12-06,443
Molise,2020-12-06,36
Piemonte,2020-12-06,1269
Puglia,2020-12-06,1789
Sardegna,2020-12-06,293
Sicilia,2020-12-06,1022
Toscana,2020-12-06,753
Trentino-Alto Adige,2020-12-06,464
Trentino-Alto Adige,2020-12-06,0
Umbria,2020-12-06,234
Valle d'Aosta,2020-12-06,34
Veneto,2020-12-06,3444
Abruzzo,2020-12-07,124
Basilicata,2020-12-07,106
Calabria,2020-12-07,175
Campania,2020-12-07,1060
Emilia-Romagna,2020-12-07,1890
Friuli Venezia Giulia,2020-12-07,359
Lazio,2020-12-07,1372
Liguria,2020-12-07,128
Lombardia,2020-12-07,1562
Marche,2020-12-07,145
Molise,2020-12-07,52
Piemonte,2020-12-07,911
Puglia,2020-12-07,1001
Sardegna,2020-12-07,366
Sicilia,2020-12-07,918
Toscana,2020-12-07,593
Trentino-Alto Adige,2020-12-07,280
Trentino-Alto Adige,2020-12-07,0
Umbria,2020-12-07,65
Valle d'Aosta,2020-12-07,22
Veneto,2020-12-07,2550
Abruzzo,2020-12-08,312
Basilicata,2020-12-08,59
Calabria,2020-12-08,155
Campania,2020-12-08,1080
Emilia-Romagna,2020-12-08,1619
Friuli Venezia Giulia,2020-12-08,658
Lazio,2020-12-08,1501
Liguria,2020-12-08,266
Lombardia,2020-12-08,1656
Marche,2020-12-08,293
Molise,2020-12-08,43
Piemonte,2020-12-08,952
Puglia,2020-12-08,915
Sardegna,2020-12-08,226
Sicilia,2020-12-08,1148
Toscana,2020-12-08,428
Trentino-Alto Adige,2020-12-08,228
Trentino-Alto Adige,2020-12-08,0
Umbria,2020-12-08,135
Valle d'Aosta,2020-12-08,18
Veneto,2020-12-08,3145
Abruzzo,2020-12-09,264
Basilicata,2020-12-09,35
Calabria,2020-12-09,139
Campania,2020-12-09,1361
Emilia-Romagna,2020-12-09,1078
Friuli Venezia Giulia,2020-12-09,633
Lazio,2020-12-09,1297
Liguria,2020-12-09,191
Lombardia,2020-12-09,1233
Marche,2020-12-09,229
Molise,2020-12-09,14
Piemonte,2020-12-09,906
Puglia,2020-12-09,917
Sardegna,2020-12-09,253
Sicilia,2020-12-09,753
Toscana,2020-12-09,505
Trentino-Alto Adige,2020-12-09,414
Trentino-Alto Adige,2020-12-09,0
Umbria,2020-12-09,89
Valle d'Aosta,2020-12-09,17
Veneto,2020-12-09,2427
Abruzzo,2020-12-10,227
Basilicata,2020-12-10,46
Calabria,2020-12-10,169
Campania,2020-12-10,1198
Emilia-Romagna,2020-12-10,1452
Friuli Venezia Giulia,2020-12-10,672
Lazio,2020-12-10,1488
Liguria,2020-12-10,320
Lombardia,2020-12-10,2093
Marche,2020-12-10,323
Molise,2020-12-10,22
Piemonte,2020-12-10,974
Puglia,2020-12-10,1332
Sardegna,2020-12-10,248
Sicilia,2020-12-10,1059
Toscana,2020-12-10,517
Trentino-Alto Adige,2020-12-10,461
Trentino-Alto Adige,2020-12-10,0
Umbria,2020-12-10,182
Valle d'Aosta,2020-12-10,18
Veneto,2020-12-10,4197
Abruzzo,2020-12-11,262
Basilicata,2020-12-11,104
Calabria,2020-12-11,158
Campania,2020-12-11,1340
Emilia-Romagna,2020-12-11,1210
Friuli Venezia Giulia,2020-12-11,843
Lazio,2020-12-11,1230
Liguria,2020-12-11,340
Lombardia,2020-12-11,2938
Marche,2020-12-11,483
Molise,2020-12-11,73
Piemonte,2020-12-11,1553
Puglia,2020-12-11,1813
Sardegna,2020-12-11,198
Sicilia,2020-12-11,999
Toscana,2020-12-11,657
Trentino-Alto Adige,2020-12-11,412
Trentino-Alto Adige,2020-12-11,0
Umbria,2020-12-11,219
Valle d'Aosta,2020-12-11,11
Veneto,2020-12-11,3883
Abruzzo,2020-12-12,277
Basilicata,2020-12-12,85
Calabria,2020-12-12,235
Campania,2020-12-12,1414
Emilia-Romagna,2020-12-12,1806
Friuli Venezia Giulia,2020-12-12,884
Lazio,2020-12-12,1194
Liguria,2020-12-12,263
Lombardia,2020-12-12,2736
Marche,2020-12-12,451
Molise,2020-12-12,72
Piemonte,2020-12-12,1443
Puglia,2020-12-12,1478
Sardegna,2020-12-12,168
Sicilia,2020-12-12,1016
Toscana,2020-12-12,574
Trentino-Alto Adige,2020-12-12,472
Trentino-Alto Adige,2020-12-12,0
Umbria,2020-12-12,211
Valle d'Aosta,2020-12-12,25
Veneto,2020-12-12,5098
Abruzzo,2020-12-13,344
Basilicata,2020-12-13,50
Calabria,2020-12-13,228
Campania,2020-12-13,1219
Emilia-Romagna,2020-12-13,1939
Friuli Venezia Giulia,2020-12-13,573
Lazio,2020-12-13,1339
Liguria,2020-12-13,331
Lombardia,2020-12-13,2335
Marche,2020-12-13,481
Molise,2020-12-13,119
Piemonte,2020-12-13,1011
Puglia,2020-12-13,1175
Sardegna,2020-12-13,633
Sicilia,2020-12-13,808
Toscana,2020-12-13,673
Trentino-Alto Adige,2020-12-13,408
Trentino-Alto Adige,2020-12-13,0
Umbria,2020-12-13,145
Valle d'Aosta,2020-12-13,34
Veneto,2020-12-13,4092
Abruzzo,2020-12-14,191
Basilicata,2020-12-14,66
Calabria,2020-12-14,166
Campania,2020-12-14,1088
Emilia-Romagna,2020-12-14,1570
Friuli Venezia Giulia,2020-12-14,402
Lazio,2020-12-14,1315
Liguria,2020-12-14,223
Lombardia,2020-12-14,945
Marche,2020-12-14,174
Molise,2020-12-14,40
Piemonte,2020-12-14,528
Puglia,2020-12-14,656
Sardegna,2020-12-14,228
Sicilia,2020-12-14,914
Toscana,2020-12-14,445
Trentino-Alto Adige,2020-12-14,182
Trentino-Alto Adige,2020-12-14,0
Umbria,2020-12-14,49
Valle d'Aosta,2020-12-14,14
Veneto,2020-12-14,2829
Abruzzo,2020-12-15,100
Basilicata,2020-12-15,62
Calabria,2020-12-15,175
Campania,2020-12-15,647
Emilia-Romagna,2020-12-15,1233
Friuli Venezia Giulia,2020-12-15,829
Lazio,2020-12-15,1159
Liguria,2020-12-15,202
Lombardia,2020-12-15,2404
Marche,2020-12-15,228
Molise,2020-12-15,37
Piemonte,2020-12-15,1106
Puglia,2020-12-15,1023
Sardegna,2020-12-15,231
Sicilia,2020-12-15,1087
Toscana,2020-12-15,332
Trentino-Alto Adige,2020-12-15,465
Trentino-Alto Adige,2020-12-15,0
Umbria,2020-12-15,179
Valle d'Aosta,2020-12-15,20
Veneto,2020-12-15,3320
Abruzzo,2020-12-16,255
Basilicata,2020-12-16,95
Calabria,2020-12-16,194
Campania,2020-12-16,900
Emilia-Romagna,2020-12-16,1236
Friuli Venezia Giulia,2020-12-16,779
Lazio,2020-12-16,1220
Liguria,2020-12-16,275
Lombardia,2020-12-16,2994
Marche,2020-12-16,480
Molise,2020-12-16,25
Piemonte,2020-12-16,1215
Puglia,2020-12-16,1388
Sardegna,2020-12-16,405
Sicilia,2020-12-16,1065
Toscana,2020-12-16,489
Trentino-Alto Adige,2020-12-16,529
Trentino-Alto Adige,2020-12-16,0
Umbria,2020-12-16,169
Valle d'Aosta,2020-12-16,38
Veneto,2020-12-16,3817
Abruzzo,2020-12-17,244
Basilicata,2020-12-17,169
Calabria,2020-12-17,160
Campania,2020-12-17,927
Emilia-Romagna,2020-12-17,1666
Friuli Venezia Giulia,2020-12-17,707
Lazio,2020-12-17,1597
Liguria,2020-12-17,416
Lombardia,2020-12-17,2730
Marche,2020-12-17,467
Molise,2020-12-17,67
Piemonte,2020-12-17,883
Puglia,2020-12-17,1073
Sardegna,2020-12-17,268
Sicilia,2020-12-17,872
Toscana,2020-12-17,636
Trentino-Alto Adige,2020-12-17,750
Trentino-Alto Adige,2020-12-17,0
Umbria,2020-12-17,180
Valle d'Aosta,2020-12-17,19
Veneto,2020-12-17,4402
Abruzzo,2020-12-18,227
Basilicata,2020-12-18,73
Calabria,2020-12-18,229
Campania,2020-12-18,1201
Emilia-Romagna,2020-12-18,1744
Friuli Venezia Giulia,2020-12-18,753
Lazio,2020-12-18,1428
Liguria,2020-12-18,287
Lombardia,2020-12-18,2744
Marche,2020-12-18,381
Molise,2020-12-18,73
Piemonte,2020-12-18,0
Puglia,2020-12-18,1314
Sardegna,2020-12-18,285
Sicilia,2020-12-18,731
Toscana,2020-12-18,514
Trentino-Alto Adige,2020-12-18,420
Trentino-Alto Adige,2020-12-18,0
Umbria,2020-12-18,142
Valle d'Aosta,2020-12-18,24
Veneto,2020-12-18,4211
Abruzzo,2020-12-19,154
Basilicata,2020-12-19,66
Calabria,2020-12-19,207
Campania,2020-12-19,949
Emilia-Romagna,2020-12-19,1640
Friuli Venezia Giulia,2020-12-19,974
Lazio,2020-12-19,1410
Liguria,2020-12-19,271
Lombardia,2020-12-19,1944
Marche,2020-12-19,369
Molise,2020-12-19,49
Piemonte,2020-12-19,638
Puglia,2020-12-19,1382
Sardegna,2020-12-19,380
Sicilia,2020-12-19,878
Toscana,2020-12-19,540
Trentino-Alto Adige,2020-12-19,378
Trentino-Alto Adige,2020-12-19,0
Umbria,2020-12-19,219
Valle d'Aosta,2020-12-19,23
Veneto,2020-12-19,3834
Abruzzo,2020-12-20,216
Basilicata,2020-12-20,73
Calabria,2020-12-20,224
Campania,2020-12-20,891
Emilia-Romagna,2020-12-20,1749
Friuli Venezia Giulia,2020-12-20,658
Lazio,2020-12-20,1213
Liguria,2020-12-20,285
Lombardia,2020-12-20,1795
Marche,2020-12-20,372
Molise,2020-12-20,62
Piemonte,2020-12-20,829
Puglia,2020-12-20,791
Sardegna,2020-12-20,311
Sicilia,2020-12-20,792
Toscana,2020-12-20,483
Trentino-Alto Adige,2020-12-20,354
Trentino-Alto Adige,2020-12-20,0
Umbria,2020-12-20,113
Valle d'Aosta,2020-12-20,22
Veneto,2020-12-20,3869
Abruzzo,2020-12-21,63
Basilicata,2020-12-21,25
Calabria,2020-12-21,110
Campania,2020-12-21,691
Emilia-Romagna,2020-12-21,1592
Friuli Venezia Giulia,2020-12-21,244
Lazio,2020-12-21,1205
Liguria,2020-12-21,177
Lombardia,2020-12-21,950
Marche,2020-12-21,162
Molise,2020-12-21,98
Piemonte,2020-12-21,611
Puglia,2020-12-21,788
Sardegna,2020-12-21,297
Sicilia,2020-12-21,669
Toscana,2020-12-21,452
Trentino-Alto Adige,2020-12-21,102
Trentino-Alto Adige,2020-12-21,0
Umbria,2020-12-21,41
Valle d'Aosta,2020-12-21,9
Veneto,2020-12-21,2583
Abruzzo,2020-12-22,86
Basilicata,2020-12-22,70
Calabria,2020-12-22,232
Campania,2020-12-22,791
Emilia-Romagna,2020-12-22,1160
Friuli Venezia Giulia,2020-12-22,549
Lazio,2020-12-22,1288
Liguria,2020-12-22,216
Lombardia,2020-12-22,2278
Marche,2020-12-22,363
Molise,2020-12-22,11
Piemonte,2020-12-22,542
Puglia,2020-12-22,876
Sardegna,2020-12-22,184
Sicilia,2020-12-22,894
Toscana,2020-12-22,309
Trentino-Alto Adige,2020-12-22,238
Trentino-Alto Adige,2020-12-22,0
Umbria,2020-12-22,114
Valle d'Aosta,2020-12-22,33
Veneto,2020-12-22,3082
Abruzzo,2020-12-23,255
Basilicata,2020-12-23,99
Calabria,2020-12-23,284
Campania,2020-12-23,1067
Emilia-Romagna,2020-12-23,1127
Friuli Venezia Giulia,2020-12-23,0
Lazio,2020-12-23,946
Liguria,2020-12-23,228
Lombardia,2020-12-23,2153
Marche,2020-12-23,498
Molise,2020-12-23,27
Piemonte,2020-12-23,933
Puglia,2020-12-23,942
Sardegna,2020-12-23,269
Sicilia,2020-12-23,932
Toscana,2020-12-23,435
Trentino-Alto Adige,2020-12-23,288
Trentino-Alto Adige,2020-12-23,0
Umbria,2020-12-23,157
Valle d'Aosta,2020-12-23,11
Veneto,2020-12-23,3357
Abruzzo,2020-12-24,223
Basilicata,2020-12-24,155
Calabria,2020-12-24,244
Campania,2020-12-24,1156
Emilia-Romagna,2020-12-24,1691
Friuli Venezia Giulia,2020-12-24,831
Lazio,2020-12-24,1519
Liguria,2020-12-24,328
Lombardia,2020-12-24,2656
Marche,2020-12-24,415
Molise,2020-12-24,115
Piemonte,2020-12-24,1057
Puglia,2020-12-24,1458
Sardegna,2020-12-24,331
Sicilia,2020-12-24,853
Toscana,2020-12-24,563
Trentino-Alto Adige,2020-12-24,380
Trentino-Alto Adige,2020-12-24,0
Umbria,2020-12-24,192
Valle d'Aosta,2020-12-24,35
Veneto,2020-12-24,3837
Abruzzo,2020-12-25,339
Basilicata,2020-12-25,69
Calabria,2020-12-25,257
Campania,2020-12-25,1009
Emilia-Romagna,2020-12-25,2127
Friuli Venezia Giulia,2020-12-25,584
Lazio,2020-12-25,1691
Liguria,2020-12-25,445
Lombardia,2020-12-25,2628
Marche,2020-12-25,603
Molise,2020-12-25,68
Piemonte,2020-12-25,875
Puglia,2020-12-25,1011
Sardegna,2020-12-25,409
Sicilia,2020-12-25,720
Toscana,2020-12-25,613
Trentino-Alto Adige,2020-12-25,336
Trentino-Alto Adige,2020-12-25,0
Umbria,2020-12-25,232
Valle d'Aosta,2020-12-25,11
Veneto,2020-12-25,5010
Abruzzo,2020-12-26,34
Basilicata,2020-12-26,25
Calabria,2020-12-26,237
Campania,2020-12-26,539
Emilia-Romagna,2020-12-26,1754
Friuli Venezia Giulia,2020-12-26,224
Lazio,2020-12-26,1123
Liguria,2020-12-26,34
Lombardia,2020-12-26,1606
Marche,2020-12-26,206
Molise,2020-12-26,28
Piemonte,2020-12-26,417
Puglia,2020-12-26,544
Sardegna,2020-12-26,173
Sicilia,2020-12-26,337
Toscana,2020-12-26,402
Trentino-Alto Adige,2020-12-26,148
Trentino-Alto Adige,2020-12-26,0
Umbria,2020-12-26,51
Valle d'Aosta,2020-12-26,24
Veneto,2020-12-26,2523
Abruzzo,2020-12-27,25
Basilicata,2020-12-27,9
Calabria,2020-12-27,179
Campania,2020-12-27,310
Emilia-Romagna,2020-12-27,1283
Friuli Venezia Giulia,2020-12-27,144
Lazio,2020-12-27,977
Liguria,2020-12-27,99
Lombardia,2020-12-27,466
Marche,2020-12-27,181
Molise,2020-12-27,1
Piemonte,2020-12-27,470
Puglia,2020-12-27,221
Sardegna,2020-12-27,96
Sicilia,2020-12-27,682
Toscana,2020-12-27,227
Trentino-Alto Adige,2020-12-27,143
Trentino-Alto Adige,2020-12-27,0
Umbria,2020-12-27,36
Valle d'Aosta,2020-12-27,27
Veneto,2020-12-27,3337
Abruzzo,2020-12-28,37
Basilicata,2020-12-28,17
Calabria,2020-12-28,212
Campania,2020-12-28,433
Emilia-Romagna,2020-12-28,750
Friuli Venezia Giulia,2020-12-28,187
Lazio,2020-12-28,966
Liguria,2020-12-28,173
Lombardia,2020-12-28,573
Marche,2020-12-28,131
Molise,2020-12-28,7
Piemonte,2020-12-28,313
Puglia,2020-12-28,645
Sardegna,2020-12-28,156
Sicilia,2020-12-28,650
Toscana,2020-12-28,181
Trentino-Alto Adige,2020-12-28,219
Trentino-Alto Adige,2020-12-28,0
Umbria,2020-12-28,88
Valle d'Aosta,2020-12-28,61
Veneto,2020-12-28,2782
Abruzzo,2020-12-29,47
Basilicata,2020-12-29,68
Calabria,2020-12-29,163
Campania,2020-12-29,625
Emilia-Romagna,2020-12-29,892
Friuli Venezia Giulia,2020-12-29,493
Lazio,2020-12-29,1218
Liguria,2020-12-29,305
Lombardia,2020-12-29,843
Marche,2020-12-29,508
Molise,2020-12-29,7
Piemonte,2020-12-29,840
Puglia,2020-12-29,749
Sardegna,2020-12-29,116
Sicilia,2020-12-29,995
Toscana,2020-12-29,271
Trentino-Alto Adige,2020-12-29,266
Trentino-Alto Adige,2020-12-29,0
Umbria,2020-12-29,161
Valle d'Aosta,2020-12-29,0
Veneto,2020-12-29,2655
Abruzzo,2020-12-30,278
Basilicata,2020-12-30,113
Calabria,2020-12-30,449
Campania,2020-12-30,930
Emilia-Romagna,2020-12-30,1427
Friuli Venezia Giulia,2020-12-30,803
Lazio,2020-12-30,1333
Liguria,2020-12-30,415
Lombardia,2020-12-30,1673
Marche,2020-12-30,585
Molise,2020-12-30,44
Piemonte,2020-12-30,1046
Puglia,2020-12-30,1470
Sardegna,2020-12-30,328
Sicilia,2020-12-30,1084
Toscana,2020-12-30,460
Trentino-Alto Adige,2020-12-30,417
Trentino-Alto Adige,2020-12-30,0
Umbria,2020-12-30,347
Valle d'Aosta,2020-12-30,14
Veneto,2020-12-30,2986
Abruzzo,2020-12-31,456
Basilicata,2020-12-31,147
Calabria,2020-12-31,402
Campania,2020-12-31,1554
Emilia-Romagna,2020-12-31,2116
Friuli Venezia Giulia,2020-12-31,877
Lazio,2020-12-31,1767
Liguria,2020-12-31,472
Lombardia,2020-12-31,3859
Marche,2020-12-31,703
Molise,2020-12-31,88
Piemonte,2020-12-31,1367
Puglia,2020-12-31,1661
Sardegna,2020-12-31,368
Sicilia,2020-12-31,1299
Toscana,2020-12-31,632
Trentino-Alto Adige,2020-12-31,580
Trentino-Alto Adige,2020-12-31,0
Umbria,2020-12-31,300
Valle d'Aosta,2020-12-31,29
Veneto,2020-12-31,4800
Abruzzo,2021-01-01,409
Basilicata,2021-01-01,156
Calabria,2021-01-01,345
Campania,2021-01-01,1734
Emilia-Romagna,2021-01-01,2629
Friuli Venezia Giulia,2021-01-01,715
Lazio,2021-01-01,1913
Liguria,2021-01-01,412
Lombardia,2021-01-01,3056
Marche,2021-01-01,693
Molise,2021-01-01,106
Piemonte,2021-01-01,1058
Puglia,2021-01-01,1395
Sardegna,2021-01-01,365
Sicilia,2021-01-01,1122
Toscana,2021-01-01,589
Trentino-Alto Adige,2021-01-01,463
Trentino-Alto Adige,2021-01-01,0
Umbria,2021-01-01,228
Valle d'Aosta,2021-01-01,17
Veneto,2021-01-01,4805
Abruzzo,2021-01-02,23
Basilicata,2021-01-02,39
Calabria,2021-01-02,175
Campania,2021-01-02,392
Emilia-Romagna,2021-01-02,2029
Friuli Venezia Giulia,2021-01-02,359
Lazio,2021-01-02,1275
Liguria,2021-01-02,203
Lombardia,2021-01-02,1402
Marche,2021-01-02,285
Molise,2021-01-02,21
Piemonte,2021-01-02,433
Puglia,2021-01-02,344
Sardegna,2021-01-02,189
Sicilia,2021-01-02,734
Toscana,2021-01-02,498
Trentino-Alto Adige,2021-01-02,202
Trentino-Alto Adige,2021-01-02,0
Umbria,2021-01-02,50
Valle d'Aosta,2021-01-02,7
Veneto,2021-01-02,3165
Abruzzo,2021-01-03,207
Basilicata,2021-01-03,81
Calabria,2021-01-03,150
Campania,2021-01-03,619
Emilia-Romagna,2021-01-03,1818
Friuli Venezia Giulia,2021-01-03,200
Lazio,2021-01-03,1681
Liguria,2021-01-03,221
Lombardia,2021-01-03,1709
Marche,2021-01-03,372
Molise,2021-01-03,18
Piemonte,2021-01-03,741
Puglia,2021-01-03,950
Sardegna,2021-01-03,194
Sicilia,2021-01-03,1047
Toscana,2021-01-03,355
Trentino-Alto Adige,2021-01-03,226
Trentino-Alto Adige,2021-01-03,0
Umbria,2021-01-03,202
Valle d'Aosta,2021-01-03,35
Veneto,2021-01-03,3419
Abruzzo,2021-01-04,121
Basilicata,2021-01-04,41
Calabria,2021-01-04,221
Campania,2021-01-04,747
Emilia-Romagna,2021-01-04,1598
Friuli Venezia Giulia,2021-01-04,281
Lazio,2021-01-04,1334
Liguria,2021-01-04,204
Lombardia,2021-01-04,863
Marche,2021-01-04,355
Molise,2021-01-04,82
Piemonte,2021-01-04,446
Puglia,2021-01-04,631
Sardegna,2021-01-04,177
Sicilia,2021-01-04,1391
Toscana,2021-01-04,313
Trentino-Alto Adige,2021-01-04,230
Trentino-Alto Adige,2021-01-04,0
Umbria,2021-01-04,54
Valle d'Aosta,2021-01-04,27
Veneto,2021-01-04,1682
Abruzzo,2021-01-05,213
Basilicata,2021-01-05,56
Calabria,2021-01-05,177
Campania,2021-01-05,688
Emilia-Romagna,2021-01-05,1503
Friuli Venezia Giulia,2021-01-05,688
Lazio,2021-01-05,1719
Liguria,2021-01-05,404
Lombardia,2021-01-05,1338
Marche,2021-01-05,458
Molise,2021-01-05,14
Piemonte,2021-01-05,1109
Puglia,2021-01-05,1081
Sardegna,2021-01-05,232
Sicilia,2021-01-05,1576
Toscana,2021-01-05,337
Trentino-Alto Adige,2021-01-05,376
Trentino-Alto Adige,2021-01-05,0
Umbria,2021-01-05,234
Valle d'Aosta,2021-01-05,21
Veneto,2021-01-05,3151
Abruzzo,2021-01-06,364
Basilicata,2021-01-06,210
Calabria,2021-01-06,398
Campania,2021-01-06,1366
Emilia-Romagna,2021-01-06,1572
Friuli Venezia Giulia,2021-01-06,606
Lazio,2021-01-06,2007
Liguria,2021-01-06,365
Lombardia,2021-01-06,2952
Marche,2021-01-06,743
Molise,2021-01-06,27
Piemonte,2021-01-06,1163
Puglia,2021-01-06,1581
Sardegna,2021-01-06,335
Sicilia,2021-01-06,1692
Toscana,2021-01-06,411
Trentino-Alto Adige,2021-01-06,523
Trentino-Alto Adige,2021-01-06,0
Umbria,2021-01-06,347
Valle d'Aosta,2021-01-06,26
Veneto,2021-01-06,3638
Abruzzo,2021-01-07,229
Basilicata,2021-01-07,62
Calabria,2021-01-07,361
Campania,2021-01-07,1052
Emilia-Romagna,2021-01-07,2228
Friuli Venezia Giulia,2021-01-07,1067
Lazio,2021-01-07,1779
Liguria,2021-01-07,196
Lombardia,2021-01-07,2799
Marche,2021-01-07,346
Molise,2021-01-07,68
Piemonte,2021-01-07,1004
Puglia,2021-01-07,657
Sardegna,2021-01-07,340
Sicilia,2021-01-07,1435
Toscana,2021-01-07,667
Trentino-Alto Adige,2021-01-07,433
Trentino-Alto Adige,2021-01-07,0
Umbria,2021-01-07,64
Valle d'Aosta,2021-01-07,33
Veneto,2021-01-07,3596
Abruzzo,2021-01-08,158
Basilicata,2021-01-08,157
Calabria,2021-01-08,355
Campania,2021-01-08,984
Emilia-Romagna,2021-01-08,2024
Friuli Venezia Giulia,2021-01-08,633
Lazio,2021-01-08,1613
Liguria,2021-01-08,400
Lombardia,2021-01-08,1963
Marche,2021-01-08,564
Molise,2021-01-08,76
Piemonte,2021-01-08,845
Puglia,2021-01-08,1349
Sardegna,2021-01-08,243
Sicilia,2021-01-08,1842
Toscana,2021-01-08,452
Trentino-Alto Adige,2021-01-08,243
Trentino-Alto Adige,2021-01-08,0
Umbria,2021-01-08,215
Valle d'Aosta,2021-01-08,25
Veneto,2021-01-08,3388
Abruzzo,2021-01-09,400
Basilicata,2021-01-09,143
Calabria,2021-01-09,423
Campania,2021-01-09,1263
Emilia-Romagna,2021-01-09,1788
Friuli Venezia Giulia,2021-01-09,1015
Lazio,2021-01-09,1543
Liguria,2021-01-09,526
Lombardia,2021-01-09,2506
Marche,2021-01-09,688
Molise,2021-01-09,38
Piemonte,2021-01-09,1532
Puglia,2021-01-09,1499
Sardegna,2021-01-09,305
Sicilia,2021-01-09,1839
Toscana,2021-01-09,529
Trentino-Alto Adige,2021-01-09,522
Trentino-Alto Adige,2021-01-09,0
Umbria,2021-01-09,295
Valle d'Aosta,2021-01-09,22
Veneto,2021-01-09,3100
Abruzzo,2021-01-10,315
Basilicata,2021-01-10,108
Calabria,2021-01-10,409
Campania,2021-01-10,1253
Emilia-Romagna,2021-01-10,2191
Friuli Venezia Giulia,2021-01-10,642
Lazio,2021-01-10,1746
Liguria,2021-01-10,374
Lombardia,2021-01-10,3267
Marche,2021-01-10,687
Molise,2021-01-10,112
Piemonte,2021-01-10,803
Puglia,2021-01-10,1162
Sardegna,2021-01-10,301
Sicilia,2021-01-10,1733
Toscana,2021-01-10,472
Trentino-Alto Adige,2021-01-10,607
Trentino-Alto Adige,2021-01-10,0
Umbria,2021-01-10,257
Valle d'Aosta,2021-01-10,19
Veneto,2021-01-10,2167
Abruzzo,2021-01-11,120
Basilicata,2021-01-11,79
Calabria,2021-01-11,270
Campania,2021-01-11,1021
Emilia-Romagna,2021-01-11,1940
Friuli Venezia Giulia,2021-01-11,361
Lazio,2021-01-11,1254
Liguria,2021-01-11,226
Lombardia,2021-01-11,1488
Marche,2021-01-11,333
Molise,2021-01-11,25
Piemonte,2021-01-11,609
Puglia,2021-01-11,622
Sardegna,2021-01-11,231
Sicilia,2021-01-11,1587
Toscana,2021-01-11,379
Trentino-Alto Adige,2021-01-11,194
Trentino-Alto Adige,2021-01-11,0
Umbria,2021-01-11,49
Valle d'Aosta,2021-01-11,27
Veneto,2021-01-11,1715
Abruzzo,2021-01-12,152
Basilicata,2021-01-12,168
Calabria,2021-01-12,249
Campania,2021-01-12,662
Emilia-Romagna,2021-01-12,1563
Friuli Venezia Giulia,2021-01-12,647
Lazio,2021-01-12,1381
Liguria,2021-01-12,276
Lombardia,2021-01-12,1146
Marche,2021-01-12,499
Molise,2021-01-12,24
Piemonte,2021-01-12,901
Puglia,2021-01-12,1261
Sardegna,2021-01-12,411
Sicilia,2021-01-12,1913
Toscana,2021-01-12,303
Trentino-Alto Adige,2021-01-12,333
Trentino-Alto Adige,2021-01-12,0
Umbria,2021-01-12,205
Valle d'Aosta,2021-01-12,14
Veneto,2021-01-12,2134
Abruzzo,2021-01-13,314
Basilicata,2021-01-13,71
Calabria,2021-01-13,283
Campania,2021-01-13,1098
Emilia-Romagna,2021-01-13,1178
Friuli Venezia Giulia,2021-01-13,546
Lazio,2021-01-13,1612
Liguria,2021-01-13,395
Lombardia,2021-01-13,2245
Marche,2021-01-13,480
Molise,2021-01-13,97
Piemonte,2021-01-13,1009
Puglia,2021-01-13,1082
Sardegna,2021-01-13,233
Sicilia,2021-01-13,1969
Toscana,2021-01-13,507
Trentino-Alto Adige,2021-01-13,444
Trentino-Alto Adige,2021-01-13,0
Umbria,2021-01-13,307
Valle d'Aosta,2021-01-13,19
Veneto,2021-01-13,1884
Abruzzo,2021-01-14,255
Basilicata,2021-01-14,90
Calabria,2021-01-14,286
Campania,2021-01-14,1294
Emilia-Romagna,2021-01-14,1513
Friuli Venezia Giulia,2021-01-14,805
Lazio,2021-01-14,1816
Liguria,2021-01-14,289
Lombardia,2021-01-14,2587
Marche,2021-01-14,506
Molise,2021-01-14,107
Piemonte,2021-01-14,857
Puglia,2021-01-14,1524
Sardegna,2021-01-14,275
Sicilia,2021-01-14,1867
Toscana,2021-01-14,424
Trentino-Alto Adige,2021-01-14,446
Trentino-Alto Adige,2021-01-14,0
Umbria,2021-01-14,210
Valle d'Aosta,2021-01-14,16
Veneto,2021-01-14,2076
Abruzzo,2021-01-15,240
Basilicata,2021-01-15,78
Calabria,2021-01-15,405
Campania,2021-01-15,1150
Emilia-Romagna,2021-01-15,1792
Friuli Venezia Giulia,2021-01-15,919
Lazio,2021-01-15,1394
Liguria,2021-01-15,254
Lombardia,2021-01-15,2205
Marche,2021-01-15,629
Molise,2021-01-15,39
Piemonte,2021-01-15,871
Puglia,2021-01-15,1295
Sardegna,2021-01-15,260
Sicilia,2021-01-15,1945
Toscana,2021-01-15,446
Trentino-Alto Adige,2021-01-15,891
Trentino-Alto Adige,2021-01-15,0
Umbria,2021-01-15,232
Valle d'Aosta,2021-01-15,20
Veneto,2021-01-15,1079
Abruzzo,2021-01-16,196
Basilicata,2021-01-16,87
Calabria,2021-01-16,295
Campania,2021-01-16,1132
Emilia-Romagna,2021-01-16,1674
Friuli Venezia Giulia,2021-01-16,870
Lazio,2021-01-16,1282
Liguria,2021-01-16,321
Lombardia,2021-01-16,2134
Marche,2021-01-16,409
Molise,2021-01-16,101
Piemonte,2021-01-16,1056
Puglia,2021-01-16,1123
Sardegna,2021-01-16,368
Sicilia,2021-01-16,1954
Toscana,2021-01-16,436
Trentino-Alto Adige,2021-01-16,682
Trentino-Alto Adige,2021-01-16,0
Umbria,2021-01-16,241
Valle d'Aosta,2021-01-16,20
Veneto,2021-01-16,1929
Abruzzo,2021-01-17,285
Basilicata,2021-01-17,49
Calabria,2021-01-17,351
Campania,2021-01-17,1021
Emilia-Romagna,2021-01-17,1436
Friuli Venezia Giulia,2021-01-17,385
Lazio,2021-01-17,1243
Liguria,2021-01-17,228
Lombardia,2021-01-17,1603
Marche,2021-01-17,440
Molise,2021-01-17,70
Piemonte,2021-01-17,495
Puglia,2021-01-17,908
Sardegna,2021-01-17,202
Sicilia,2021-01-17,1439
Toscana,2021-01-17,406
Trentino-Alto Adige,2021-01-17,443
Trentino-Alto Adige,2021-01-17,0
Umbria,2021-01-17,153
Valle d'Aosta,2021-01-17,18
Veneto,2021-01-17,1369
Abruzzo,2021-01-18,107
Basilicata,2021-01-18,7
Calabria,2021-01-18,256
Campania,2021-01-18,714
Emilia-Romagna,2021-01-18,1153
Friuli Venezia Giulia,2021-01-18,153
Lazio,2021-01-18,872
Liguria,2021-01-18,263
Lombardia,2021-01-18,1189
Marche,2021-01-18,157
Molise,2021-01-18,33
Piemonte,2021-01-18,435
Puglia,2021-01-18,403
Sardegna,2021-01-18,136
Sicilia,2021-01-18,1278
Toscana,2021-01-18,345
Trentino-Alto Adige,2021-01-18,221
Trentino-Alto Adige,2021-01-18,0
Umbria,2021-01-18,94
Valle d'Aosta,2021-01-18,11
Veneto,2021-01-18,998
Abruzzo,2021-01-19,113
Basilicata,2021-01-19,60
Calabria,2021-01-19,191
Campania,2021-01-19,651
Emilia-Romagna,2021-01-19,1033
Friuli Venezia Giulia,2021-01-19,454
Lazio,2021-01-19,1100
Liguria,2021-01-19,235
Lombardia,2021-01-19,930
Marche,2021-01-19,359
Molise,2021-01-19,18
Piemonte,2021-01-19,716
Puglia,2021-01-19,850
Sardegna,2021-01-19,109
Sicilia,2021-01-19,1641
Toscana,2021-01-19,241
Trentino-Alto Adige,2021-01-19,579
Trentino-Alto Adige,2021-01-19,0
Umbria,2021-01-19,225
Valle d'Aosta,2021-01-19,34
Veneto,2021-01-19,957
Abruzzo,2021-01-20,279
Basilicata,2021-01-20,57
Calabria,2021-01-20,313
Campania,2021-01-20,968
Emilia-Romagna,2021-01-20,1087
Friuli Venezia Giulia,2021-01-20,672
Lazio,2021-01-20,1281
Liguria,2021-01-20,285
Lombardia,2021-01-20,1876
Marche,2021-01-20,417
Molise,2021-01-20,54
Piemonte,2021-01-20,606
Puglia,2021-01-20,1159
Sardegna,2021-01-20,216
Sicilia,2021-01-20,1486
Toscana,2021-01-20,443
Trentino-Alto Adige,2021-01-20,719
Trentino-Alto Adige,2021-01-20,0
Umbria,2021-01-20,277
Valle d'Aosta,2021-01-20,14
Veneto,2021-01-20,1359
Abruzzo,2021-01-21,211
Basilicata,2021-01-21,59
Calabria,2021-01-21,258
Campania,2021-01-21,1215
Emilia-Romagna,2021-01-21,1317
Friuli Venezia Giulia,2021-01-21,657
Lazio,2021-01-21,1303
Liguria,2021-01-21,243
Lombardia,2021-01-21,2234
Marche,2021-01-21,500
Molise,2021-01-21,34
Piemonte,2021-01-21,761
Puglia,2021-01-21,1275
Sardegna,2021-01-21,238
Sicilia,2021-01-21,1230
Toscana,2021-01-21,503
Trentino-Alto Adige,2021-01-21,730
Trentino-Alto Adige,2021-01-21,0
Umbria,2021-01-21,286
Valle d'Aosta,2021-01-21,0
Veneto,2021-01-21,1003
Abruzzo,2021-01-22,318
Basilicata,2021-01-22,51
Calabria,2021-01-22,368
Campania,2021-01-22,1106
Emilia-Romagna,2021-01-22,1347
Friuli Venezia Giulia,2021-01-22,452
Lazio,2021-01-22,1141
Liguria,2021-01-22,313
Lombardia,2021-01-22,1969
Marche,2021-01-22,437
Molise,2021-01-22,57
Piemonte,2021-01-22,849
Puglia,2021-01-22,1018
Sardegna,2021-01-22,212
Sicilia,2021-01-22,1355
Toscana,2021-01-22,429
Trentino-Alto Adige,2021-01-22,689
Trentino-Alto Adige,2021-01-22,0
Umbria,2021-01-22,305
Valle d'Aosta,2021-01-22,19
Veneto,2021-01-22,1198
Abruzzo,2021-01-23,221
Basilicata,2021-01-23,59
Calabria,2021-01-23,402
Campania,2021-01-23,1150
Emilia-Romagna,2021-01-23,1310
Friuli Venezia Giulia,2021-01-23,679
Lazio,2021-01-23,1297
Liguria,2021-01-23,298
Lombardia,2021-01-23,1535
Marche,2021-01-23,397
Molise,2021-01-23,48
Piemonte,2021-01-23,931
Puglia,2021-01-23,1023
Sardegna,2021-01-23,191
Sicilia,2021-01-23,1158
Toscana,2021-01-23,520
Trentino-Alto Adige,2021-01-23,745
Trentino-Alto Adige,2021-01-23,0
Umbria,2021-01-23,332
Valle d'Aosta,2021-01-23,5
Veneto,2021-01-23,1030
Abruzzo,2021-01-24,325
Basilicata,2021-01-24,48
Calabria,2021-01-24,211
Campania,2021-01-24,1069
Emilia-Romagna,2021-01-24,1207
Friuli Venezia Giulia,2021-01-24,505
Lazio,2021-01-24,1056
Liguria,2021-01-24,293
Lombardia,2021-01-24,1375
Marche,2021-01-24,525
Molise,2021-01-24,102
Piemonte,2021-01-24,619
Puglia,2021-01-24,954
Sardegna,2021-01-24,175
Sicilia,2021-01-24,875
Toscana,2021-01-24,526
Trentino-Alto Adige,2021-01-24,543
Trentino-Alto Adige,2021-01-24,0
Umbria,2021-01-24,247
Valle d'Aosta,2021-01-24,17
Veneto,2021-01-24,956
Abruzzo,2021-01-25,66
Basilicata,2021-01-25,71
Calabria,2021-01-25,207
Campania,2021-01-25,754
Emilia-Romagna,2021-01-25,1164
Friuli Venezia Giulia,2021-01-25,181
Lazio,2021-01-25,874
Liguria,2021-01-25,164
Lombardia,2021-01-25,1484
Marche,2021-01-25,200
Molise,2021-01-25,40
Piemonte,2021-01-25,600
Puglia,2021-01-25,401
Sardegna,2021-01-25,207
Sicilia,2021-01-25,885
Toscana,2021-01-25,422
Trentino-Alto Adige,2021-01-25,232
Trentino-Alto Adige,2021-01-25,0
Umbria,2021-01-25,66
Valle d'Aosta,2021-01-25,8
Veneto,2021-01-25,533
Abruzzo,2021-01-26,152
Basilicata,2021-01-26,58
Calabria,2021-01-26,232
Campania,2021-01-26,976
Emilia-Romagna,2021-01-26,984
Friuli Venezia Giulia,2021-01-26,421
Lazio,2021-01-26,1039
Liguria,2021-01-26,271
Lombardia,2021-01-26,1230
Marche,2021-01-26,291
Molise,2021-01-26,14
Piemonte,2021-01-26,728
Puglia,2021-01-26,995
Sardegna,2021-01-26,138
Sicilia,2021-01-26,970
Toscana,2021-01-26,346
Trentino-Alto Adige,2021-01-26,716
Trentino-Alto Adige,2021-01-26,0
Umbria,2021-01-26,275
Valle d'Aosta,2021-01-26,2
Veneto,2021-01-26,746
Abruzzo,2021-01-27,343
Basilicata,2021-01-27,74
Calabria,2021-01-27,263
Campania,2021-01-27,1178
Emilia-Romagna,2021-01-27,911
Friuli Venezia Giulia,2021-01-27,584
Lazio,2021-01-27,1338
Liguria,2021-01-27,268
Lombardia,2021-01-27,2293
Marche,2021-01-27,466
Molise,2021-01-27,63
Piemonte,2021-01-27,821
Puglia,2021-01-27,1233
Sardegna,2021-01-27,251
Sicilia,2021-01-27,996
Toscana,2021-01-27,502
Trentino-Alto Adige,2021-01-27,790
Trentino-Alto Adige,2021-01-27,0
Umbria,2021-01-27,415
Valle d'Aosta,2021-01-27,17
Veneto,2021-01-27,2385
Abruzzo,2021-01-28,268
Basilicata,2021-01-28,42
Calabria,2021-01-28,302
Campania,2021-01-28,1313
Emilia-Romagna,2021-01-28,1253
Friuli Venezia Giulia,2021-01-28,642
Lazio,2021-01-28,1263
Liguria,2021-01-28,372
Lombardia,2021-01-28,2603
Marche,2021-01-28,429
Molise,2021-01-28,83
Piemonte,2021-01-28,1062
Puglia,2021-01-28,1159
Sardegna,2021-01-28,237
Sicilia,2021-01-28,994
Toscana,2021-01-28,620
Trentino-Alto Adige,2021-01-28,769
Trentino-Alto Adige,2021-01-28,0
Umbria,2021-01-28,369
Valle d'Aosta,2021-01-28,8
Veneto,2021-01-28,572
Abruzzo,2021-01-29,341
Basilicata,2021-01-29,45
Calabria,2021-01-29,253
Campania,2021-01-29,1175
Emilia-Romagna,2021-01-29,1311
Friuli Venezia Giulia,2021-01-29,557
Lazio,2021-01-29,1160
Liguria,2021-01-29,338
Lombardia,2021-01-29,1900
Marche,2021-01-29,371
Molise,2021-01-29,79
Piemonte,2021-01-29,944
Puglia,2021-01-29,1069
Sardegna,2021-01-29,257
Sicilia,2021-01-29,944
Toscana,2021-01-29,594
Trentino-Alto Adige,2021-01-29,897
Trentino-Alto Adige,2021-01-29,0
Umbria,2021-01-29,335
Valle d'Aosta,2021-01-29,8
Veneto,2021-01-29,985
Abruzzo,2021-01-30,385
Basilicata,2021-01-30,70
Calabria,2021-01-30,225
Campania,2021-01-30,1366
Emilia-Romagna,2021-01-30,1312
Friuli Venezia Giulia,2021-01-30,415
Lazio,2021-01-30,1138
Liguria,2021-01-30,255
Lombardia,2021-01-30,1832
Marche,2021-01-30,465
Molise,2021-01-30,83
Piemonte,2021-01-30,727
Puglia,2021-01-30,871
Sardegna,2021-01-30,229
Sicilia,2021-01-30,846
Toscana,2021-01-30,603
Trentino-Alto Adige,2021-01-30,870
Trentino-Alto Adige,2021-01-30,0
Umbria,2021-01-30,228
Valle d'Aosta,2021-01-30,1
Veneto,2021-01-30,792
Abruzzo,2021-01-31,402
Basilicata,2021-01-31,29
Calabria,2021-01-31,193
Campania,2021-01-31,1401
Emilia-Romagna,2021-01-31,1274
Friuli Venezia Giulia,2021-01-31,396
Lazio,2021-01-31,943
Liguria,2021-01-31,307
Lombardia,2021-01-31,1438
Marche,2021-01-31,362
Molise,2021-01-31,93
Piemonte,2021-01-31,538
Puglia,2021-01-31,1069
Sardegna,2021-01-31,167
Sicilia,2021-01-31,716
Toscana,2021-01-31,510
Trentino-Alto Adige,2021-01-31,602
Trentino-Alto Adige,2021-01-31,0
Umbria,2021-01-31,294
Valle d'Aosta,2021-01-31,16
Veneto,2021-01-31,499
Abruzzo,2021-02-01,161
Basilicata,2021-02-01,13
Calabria,2021-02-01,195
Campania,2021-02-01,994
Emilia-Romagna,2021-02-01,1051
Friuli Venezia Giulia,2021-02-01,129
Lazio,2021-02-01,717
Liguria,2021-02-01,149
Lombardia,2021-02-01,1093
Marche,2021-02-01,189
Molise,2021-02-01,54
Piemonte,2021-02-01,514
Puglia,2021-02-01,379
Sardegna,2021-02-01,123
Sicilia,2021-02-01,766
Toscana,2021-02-01,373
Trentino-Alto Adige,2021-02-01,369
Trentino-Alto Adige,2021-02-01,0
Umbria,2021-02-01,143
Valle d'Aosta,2021-02-01,3
Veneto,2021-02-01,510
Abruzzo,2021-02-02,207
Basilicata,2021-02-02,55
Calabria,2021-02-02,166
Campania,2021-02-02,919
Emilia-Romagna,2021-02-02,873
Friuli Venezia Giulia,2021-02-02,258
Lazio,2021-02-02,842
Liguria,2021-02-02,238
Lombardia,2021-02-02,912
Marche,2021-02-02,333
Molise,2021-02-02,31
Piemonte,2021-02-02,765
Puglia,2021-02-02,879
Sardegna,2021-02-02,71
Sicilia,2021-02-02,984
Toscana,2021-02-02,399
Trentino-Alto Adige,2021-02-02,811
Trentino-Alto Adige,2021-02-02,0
Umbria,2021-02-02,283
Valle d'Aosta,2021-02-02,4
Veneto,2021-02-02,621
Abruzzo,2021-02-03,449
Basilicata,2021-02-03,68
Calabria,2021-02-03,318
Campania,2021-02-03,1539
Emilia-Romagna,2021-02-03,1040
Friuli Venezia Giulia,2021-02-03,692
Lazio,2021-02-03,1164
Liguria,2021-02-03,233
Lombardia,2021-02-03,1738
Marche,2021-02-03,408
Molise,2021-02-03,78
Piemonte,2021-02-03,819
Puglia,2021-02-03,1044
Sardegna,2021-02-03,143
Sicilia,2021-02-03,886
Toscana,2021-02-03,551
Trentino-Alto Adige,2021-02-03,914
Trentino-Alto Adige,2021-02-03,0
Umbria,2021-02-03,458
Valle d'Aosta,2021-02-03,11
Veneto,2021-02-03,629
Abruzzo,2021-02-04,526
Basilicata,2021-02-04,68
Calabria,2021-02-04,202
Campania,2021-02-04,1544
Emilia-Romagna,2021-02-04,1189
Friuli Venezia Giulia,2021-02-04,355
Lazio,2021-02-04,1174
Liguria,2021-02-04,489
Lombardia,2021-02-04,1746
Marche,2021-02-04,480
Molise,2021-02-04,80
Piemonte,2021-02-04,807
Puglia,2021-02-04,975
Sardegna,2021-02-04,205
Sicilia,2021-02-04,789
Toscana,2021-02-04,760
Trentino-Alto Adige,2021-02-04,987
Trentino-Alto Adige,2021-02-04,0
Umbria,2021-02-04,373
Valle d'Aosta,2021-02-04,11
Veneto,2021-02-04,896
Abruzzo,2021-02-05,275
Basilicata,2021-02-05,89
Calabria,2021-02-05,239
Campania,2021-02-05,1665
Emilia-Romagna,2021-02-05,1360
Friuli Venezia Giulia,2021-02-05,446
Lazio,2021-02-05,1141
Liguria,2021-02-05,332
Lombardia,2021-02-05,2504
Marche,2021-02-05,414
Molise,2021-02-05,101
Piemonte,2021-02-05,936
Puglia,2021-02-05,1215
Sardegna,2021-02-05,169
Sicilia,2021-02-05,616
Toscana,2021-02-05,703
Trentino-Alto Adige,2021-02-05,889
Trentino-Alto Adige,2021-02-05,0
Umbria,2021-02-05,443
Valle d'Aosta,2021-02-05,8
Veneto,2021-02-05,668
Abruzzo,2021-02-06,508
Basilicata,2021-02-06,85
Calabria,2021-02-06,197
Campania,2021-02-06,1546
Emilia-Romagna,2021-02-06,1381
Friuli Venezia Giulia,2021-02-06,413
Lazio,2021-02-06,1014
Liguria,2021-02-06,276
Lombardia,2021-02-06,1923
Marche,2021-02-06,436
Molise,2021-02-06,78
Piemonte,2021-02-06,717
Puglia,2021-02-06,926
Sardegna,2021-02-06,125
Sicilia,2021-02-06,836
Toscana,2021-02-06,708
Trentino-Alto Adige,2021-02-06,1080
Trentino-Alto Adige,2021-02-06,0
Umbria,2021-02-06,351
Valle d'Aosta,2021-02-06,8
Veneto,2021-02-06,831
Abruzzo,2021-02-07,436
Basilicata,2021-02-07,77
Calabria,2021-02-07,127
Campania,2021-02-07,1741
Emilia-Romagna,2021-02-07,1381
Friuli Venezia Giulia,2021-02-07,285
Lazio,2021-02-07,920
Liguria,2021-02-07,364
Lombardia,2021-02-07,1515
Marche,2021-02-07,394
Molise,2021-02-07,91
Piemonte,2021-02-07,624
Puglia,2021-02-07,765
Sardegna,2021-02-07,154
Sicilia,2021-02-07,574
Toscana,2021-02-07,668
Trentino-Alto Adige,2021-02-07,645
Trentino-Alto Adige,2021-02-07,0
Umbria,2021-02-07,382
Valle d'Aosta,2021-02-07,1
Veneto,2021-02-07,496
Abruzzo,2021-02-08,184
Basilicata,2021-02-08,15
Calabria,2021-02-08,142
Campania,2021-02-08,1189
Emilia-Romagna,2021-02-08,1272
Friuli Venezia Giulia,2021-02-08,132
Lazio,2021-02-08,782
Liguria,2021-02-08,220
Lombardia,2021-02-08,895
Marche,2021-02-08,171
Molise,2021-02-08,84
Piemonte,2021-02-08,483
Puglia,2021-02-08,377
Sardegna,2021-02-08,56
Sicilia,2021-02-08,478
Toscana,2021-02-08,523
Trentino-Alto Adige,2021-02-08,321
Trentino-Alto Adige,2021-02-08,0
Umbria,2021-02-08,190
Valle d'Aosta,2021-02-08,13
Veneto,2021-02-08,442
Abruzzo,2021-02-09,241
Basilicata,2021-02-09,106
Calabria,2021-02-09,188
Campania,2021-02-09,1274
Emilia-Romagna,2021-02-09,959
Friuli Venezia Giulia,2021-02-09,271
Lazio,2021-02-09,847
Liguria,2021-02-09,257
Lombardia,2021-02-09,1625
Marche,2021-02-09,270
Molise,2021-02-09,21
Piemonte,2021-02-09,619
Puglia,2021-02-09,681
Sardegna,2021-02-09,81
Sicilia,2021-02-09,744
Toscana,2021-02-09,453
Trentino-Alto Adige,2021-02-09,885
Trentino-Alto Adige,2021-02-09,0
Umbria,2021-02-09,375
Valle d'Aosta,2021-02-09,14
Veneto,2021-02-09,701
Abruzzo,2021-02-10,314
Basilicata,2021-02-10,94
Calabria,2021-02-10,214
Campania,2021-02-10,1635
Emilia-Romagna,2021-02-10,921
Friuli Venezia Giulia,2021-02-10,361
Lazio,2021-02-10,1027
Liguria,2021-02-10,364
Lombardia,2021-02-10,1849
Marche,2021-02-10,421
Molise,2021-02-10,144
Piemonte,2021-02-10,669
Puglia,2021-02-10,1063
Sardegna,2021-02-10,161
Sicilia,2021-02-10,695
Toscana,2021-02-10,671
Trentino-Alto Adige,2021-02-10,1094
Trentino-Alto Adige,2021-02-10,0
Umbria,2021-02-10,415
Valle d'Aosta,2021-02-10,7
Veneto,2021-02-10,828
Abruzzo,2021-02-11,539
Basilicata,2021-02-11,102
Calabria,2021-02-11,198
Campania,2021-02-11,1694
Emilia-Romagna,2021-02-11,1337
Friuli Venezia Giulia,2021-02-11,409
Lazio,2021-02-11,1271
Liguria,2021-02-11,319
Lombardia,2021-02-11,2434
Marche,2021-02-11,530
Molise,2021-02-11,75
Piemonte,2021-02-11,1189
Puglia,2021-02-11,1248
Sardegna,2021-02-11,125
Sicilia,2021-02-11,760
Toscana,2021-02-11,894
Trentino-Alto Adige,2021-02-11,933
Trentino-Alto Adige,2021-02-11,0
Umbria,2021-02-11,363
Valle d'Aosta,2021-02-11,9
Veneto,2021-02-11,708
Abruzzo,2021-02-12,357
Basilicata,2021-02-12,90
Calabria,2021-02-12,115
Campania,2021-02-12,1637
Emilia-Romagna,2021-02-12,1523
Friuli Venezia Giulia,2021-02-12,290
Lazio,2021-02-12,1089
Liguria,2021-02-12,332
Lombardia,2021-02-12,2526
Marche,2021-02-12,515
Molise,2021-02-12,107
Piemonte,2021-02-12,869
Puglia,2021-02-12,1020
Sardegna,2021-02-12,87
Sicilia,2021-02-12,491
Toscana,2021-02-12,727
Trentino-Alto Adige,2021-02-12,859
Trentino-Alto Adige,2021-02-12,0
Umbria,2021-02-12,494
Valle d'Aosta,2021-02-12,9
Veneto,2021-02-12,756
Abruzzo,2021-02-13,506
Basilicata,2021-02-13,84
Calabria,2021-02-13,237
Campania,2021-02-13,1751
Emilia-Romagna,2021-02-13,1481
Friuli Venezia Giulia,2021-02-13,357
Lazio,2021-02-13,1060
Liguria,2021-02-13,300
Lombardia,2021-02-13,2277
Marche,2021-02-13,405
Molise,2021-02-13,73
Piemonte,2021-02-13,749
Puglia,2021-02-13,945
Sardegna,2021-02-13,87
Sicilia,2021-02-13,543
Toscana,2021-02-13,764
Trentino-Alto Adige,2021-02-13,860
Trentino-Alto Adige,2021-02-13,0
Umbria,2021-02-13,346
Valle d'Aosta,2021-02-13,9
Veneto,2021-02-13,689
Abruzzo,2021-02-14,222
Basilicata,2021-02-14,74
Calabria,2021-02-14,151
Campania,2021-02-14,1603
Emilia-Romagna,2021-02-14,1315
Friuli Venezia Giulia,2021-02-14,216
Lazio,2021-02-14,809
Liguria,2021-02-14,274
Lombardia,2021-02-14,1987
Marche,2021-02-14,355
Molise,2021-02-14,112
Piemonte,2021-02-14,549
Puglia,2021-02-14,732
Sardegna,2021-02-14,83
Sicilia,2021-02-14,479
Toscana,2021-02-14,725
Trentino-Alto Adige,2021-02-14,562
Trentino-Alto Adige,2021-02-14,0
Umbria,2021-02-14,292
Valle d'Aosta,2021-02-14,5
Veneto,2021-02-14,515
Abruzzo,2021-02-15,528
Basilicata,2021-02-15,29
Calabria,2021-02-15,128
Campania,2021-02-15,966
Emilia-Romagna,2021-02-15,1389
Friuli Venezia Giulia,2021-02-15,40
Lazio,2021-02-15,760
Liguria,2021-02-15,194
Lombardia,2021-02-15,945
Marche,2021-02-15,128
Molise,2021-02-15,41
Piemonte,2021-02-15,438
Puglia,2021-02-15,345
Sardegna,2021-02-15,56
Sicilia,2021-02-15,332
Toscana,2021-02-15,428
Trentino-Alto Adige,2021-02-15,238
Trentino-Alto Adige,2021-02-15,0
Umbria,2021-02-15,109
Valle d'Aosta,2021-02-15,9
Veneto,2021-02-15,241
Abruzzo,2021-02-16,492
Basilicata,2021-02-16,80
Calabria,2021-02-16,121
Campania,2021-02-16,1135
Emilia-Romagna,2021-02-16,951
Friuli Venezia Giulia,2021-02-16,260
Lazio,2021-02-16,894
Liguria,2021-02-16,221
Lombardia,2021-02-16,1696
Marche,2021-02-16,277
Molise,2021-02-16,7
Piemonte,2021-02-16,771
Puglia,2021-02-16,694
Sardegna,2021-02-16,66
Sicilia,2021-02-16,625
Toscana,2021-02-16,444
Trentino-Alto Adige,2021-02-16,759
Trentino-Alto Adige,2021-02-16,0
Umbria,2021-02-16,233
Valle d'Aosta,2021-02-16,4
Veneto,2021-02-16,638
Abruzzo,2021-02-17,438
Basilicata,2021-02-17,85
Calabria,2021-02-17,170
Campania,2021-02-17,1575
Emilia-Romagna,2021-02-17,1017
Friuli Venezia Giulia,2021-02-17,333
Lazio,2021-02-17,871
Liguria,2021-02-17,309
Lombardia,2021-02-17,1764
Marche,2021-02-17,471
Molise,2021-02-17,120
Piemonte,2021-02-17,959
Puglia,2021-02-17,883
Sardegna,2021-02-17,109
Sicilia,2021-02-17,484
Toscana,2021-02-17,773
Trentino-Alto Adige,2021-02-17,761
Trentino-Alto Adige,2021-02-17,0
Umbria,2021-02-17,438
Valle d'Aosta,2021-02-17,14
Veneto,2021-02-17,492
Abruzzo,2021-02-18,481
Basilicata,2021-02-18,111
Calabria,2021-02-18,166
Campania,2021-02-18,1573
Emilia-Romagna,2021-02-18,1559
Friuli Venezia Giulia,2021-02-18,262
Lazio,2021-02-18,1025
Liguria,2021-02-18,334
Lombardia,2021-02-18,2540
Marche,2021-02-18,532
Molise,2021-02-18,149
Piemonte,2021-02-18,501
Puglia,2021-02-18,844
Sardegna,2021-02-18,100
Sicilia,2021-02-18,480
Toscana,2021-02-18,956
Trentino-Alto Adige,2021-02-18,770
Trentino-Alto Adige,2021-02-18,0
Umbria,2021-02-18,319
Valle d'Aosta,2021-02-18,11
Veneto,2021-02-18,1042
Abruzzo,2021-02-19,494
Basilicata,2021-02-19,136
Calabria,2021-02-19,177
Campania,2021-02-19,1616
Emilia-Romagna,2021-02-19,1812
Friuli Venezia Giulia,2021-02-19,310
Lazio,2021-02-19,990
Liguria,2021-02-19,274
Lombardia,2021-02-19,3724
Marche,2021-02-19,488
Molise,2021-02-19,114
Piemonte,2021-02-19,1307
Puglia,2021-02-19,874
Sardegna,2021-02-19,44
Sicilia,2021-02-19,440
Toscana,2021-02-19,924
Trentino-Alto Adige,2021-02-19,780
Trentino-Alto Adige,2021-02-19,0
Umbria,2021-02-19,301
Valle d'Aosta,2021-02-19,8
Veneto,2021-02-19,657
Abruzzo,2021-02-20,386
Basilicata,2021-02-20,88
Calabria,2021-02-20,218
Campania,2021-02-20,1677
Emilia-Romagna,2021-02-20,1708
Friuli Venezia Giulia,2021-02-20,326
Lazio,2021-02-20,921
Liguria,2021-02-20,361
Lombardia,2021-02-20,3019
Marche,2021-02-20,547
Molise,2021-02-20,93
Piemonte,2021-02-20,765
Puglia,2021-02-20,905
Sardegna,2021-02-20,73
Sicilia,2021-02-20,474
Toscana,2021-02-20,953
Trentino-Alto Adige,2021-02-20,789
Trentino-Alto Adige,2021-02-20,0
Umbria,2021-02-20,363
Valle d'Aosta,2021-02-20,4
Veneto,2021-02-20,1244
Abruzzo,2021-02-21,503
Basilicata,2021-02-21,65
Calabria,2021-02-21,170
Campania,2021-02-21,1658
Emilia-Romagna,2021-02-21,1850
Friuli Venezia Giulia,2021-02-21,284
Lazio,2021-02-21,1048
Liguria,2021-02-21,266
Lombardia,2021-02-21,2514
Marche,2021-02-21,488
Molise,2021-02-21,67
Piemonte,2021-02-21,802
Puglia,2021-02-21,758
Sardegna,2021-02-21,33
Sicilia,2021-02-21,411
Toscana,2021-02-21,968
Trentino-Alto Adige,2021-02-21,572
Trentino-Alto Adige,2021-02-21,0
Umbria,2021-02-21,270
Valle d'Aosta,2021-02-21,5
Veneto,2021-02-21,718
Abruzzo,2021-02-22,349
Basilicata,2021-02-22,41
Calabria,2021-02-22,118
Campania,2021-02-22,1202
Emilia-Romagna,2021-02-22,1836
Friuli Venezia Giulia,2021-02-22,145
Lazio,2021-02-22,854
Liguria,2021-02-22,136
Lombardia,2021-02-22,1491
Marche,2021-02-22,117
Molise,2021-02-22,83
Piemonte,2021-02-22,639
Puglia,2021-02-22,343
Sardegna,2021-02-22,77
Sicilia,2021-02-22,412
Toscana,2021-02-22,911
Trentino-Alto Adige,2021-02-22,243
Trentino-Alto Adige,2021-02-22,0
Umbria,2021-02-22,97
Valle d'Aosta,2021-02-22,14
Veneto,2021-02-22,509
Abruzzo,2021-02-23,322
Basilicata,2021-02-23,151
Calabria,2021-02-23,116
Campania,2021-02-23,1436
Emilia-Romagna,2021-02-23,1573
Friuli Venezia Giulia,2021-02-23,241
Lazio,2021-02-23,889
Liguria,2021-02-23,381
Lombardia,2021-02-23,2480
Marche,2021-02-23,581
Molise,2021-02-23,26
Piemonte,2021-02-23,1023
Puglia,2021-02-23,823
Sardegna,2021-02-23,47
Sicilia,2021-02-23,452
Toscana,2021-02-23,824
Trentino-Alto Adige,2021-02-23,606
Trentino-Alto Adige,2021-02-23,0
Umbria,2021-02-23,262
Valle d'Aosta,2021-02-23,4
Veneto,2021-02-23,1062
Abruzzo,2021-02-24,535
Basilicata,2021-02-24,166
Calabria,2021-02-24,278
Campania,2021-02-24,2185
Emilia-Romagna,2021-02-24,1410
Friuli Venezia Giulia,2021-02-24,503
Lazio,2021-02-24,1188
Liguria,2021-02-24,285
Lombardia,2021-02-24,3310
Marche,2021-02-24,616
Molise,2021-02-24,105
Piemonte,2021-02-24,1453
Puglia,2021-02-24,991
Sardegna,2021-02-24,65
Sicilia,2021-02-24,542
Toscana,2021-02-24,857
Trentino-Alto Adige,2021-02-24,712
Trentino-Alto Adige,2021-02-24,0
Umbria,2021-02-24,292
Valle d'Aosta,2021-02-24,14
Veneto,2021-02-24,895
Abruzzo,2021-02-25,652
Basilicata,2021-02-25,124
Calabria,2021-02-25,194
Campania,2021-02-25,2385
Emilia-Romagna,2021-02-25,2076
Friuli Venezia Giulia,2021-02-25,683
Lazio,2021-02-25,1256
Liguria,2021-02-25,452
Lombardia,2021-02-25,4243
Marche,2021-02-25,732
Molise,2021-02-25,65
Piemonte,2021-02-25,1454
Puglia,2021-02-25,1154
Sardegna,2021-02-25,80
Sicilia,2021-02-25,613
Toscana,2021-02-25,1374
Trentino-Alto Adige,2021-02-25,761
Trentino-Alto Adige,2021-02-25,0
Umbria,2021-02-25,267
Valle d'Aosta,2021-02-25,2
Veneto,2021-02-25,1304
Abruzzo,2021-02-26,594
Basilicata,2021-02-26,87
Calabria,2021-02-26,241
Campania,2021-02-26,2519
Emilia-Romagna,2021-02-26,2564
Friuli Venezia Giulia,2021-02-26,468
Lazio,2021-02-26,1539
Liguria,2021-02-26,351
Lombardia,2021-02-26,4557
Marche,2021-02-26,686
Molise,2021-02-26,131
Piemonte,2021-02-26,1526
Puglia,2021-02-26,1104
Sardegna,2021-02-26,70
Sicilia,2021-02-26,578
Toscana,2021-02-26,1254
Trentino-Alto Adige,2021-02-26,701
Trentino-Alto Adige,2021-02-26,0
Umbria,2021-02-26,331
Valle d'Aosta,2021-02-26,13
Veneto,2021-02-26,1174
Abruzzo,2021-02-27,355
Basilicata,2021-02-27,120
Calabria,2021-02-27,187
Campania,2021-02-27,2215
Emilia-Romagna,2021-02-27,2528
Friuli Venezia Giulia,2021-02-27,468
Lazio,2021-02-27,1347
Liguria,2021-02-27,351
Lombardia,2021-02-27,4191
Marche,2021-02-27,798
Molise,2021-02-27,63
Piemonte,2021-02-27,1188
Puglia,2021-02-27,1123
Sardegna,2021-02-27,87
Sicilia,2021-02-27,518
Toscana,2021-02-27,1126
Trentino-Alto Adige,2021-02-27,712
Trentino-Alto Adige,2021-02-27,0
Umbria,2021-02-27,230
Valle d'Aosta,2021-02-27,10
Veneto,2021-02-27,1285
Abruzzo,2021-02-28,568
Basilicata,2021-02-28,101
Calabria,2021-02-28,160
Campania,2021-02-28,2561
Emilia-Romagna,2021-02-28,2595
Friuli Venezia Giulia,2021-02-28,341
Lazio,2021-02-28,1341
Liguria,2021-02-28,248
Lombardia,2021-02-28,3529
Marche,2021-02-28,588
Molise,2021-02-28,144
Piemonte,2021-02-28,902
Puglia,2021-02-28,1053
Sardegna,2021-02-28,77
Sicilia,2021-02-28,453
Toscana,2021-02-28,1068
Trentino-Alto Adige,2021-02-28,555
Trentino-Alto Adige,2021-02-28,0
Umbria,2021-02-28,212
Valle d'Aosta,2021-02-28,33
Veneto,2021-02-28,911
Abruzzo,2021-03-01,196
Basilicata,2021-03-01,75
Calabria,2021-03-01,151
Campania,2021-03-01,1896
Emilia-Romagna,2021-03-01,2592
Friuli Venezia Giulia,2021-03-01,172
Lazio,2021-03-01,1044
Liguria,2021-03-01,309
Lombardia,2021-03-01,2135
Marche,2021-03-01,446
Molise,2021-03-01,41
Piemonte,2021-03-01,1155
Puglia,2021-03-01,631
Sardegna,2021-03-01,45
Sicilia,2021-03-01,478
Toscana,2021-03-01,877
Trentino-Alto Adige,2021-03-01,178
Trentino-Alto Adige,2021-03-01,0
Umbria,2021-03-01,79
Valle d'Aosta,2021-03-01,3
Veneto,2021-03-01,603
Abruzzo,2021-03-02,246
Basilicata,2021-03-02,147
Calabria,2021-03-02,102
Campania,2021-03-02,2046
Emilia-Romagna,2021-03-02,2020
Friuli Venezia Giulia,2021-03-02,479
Lazio,2021-03-02,1188
Liguria,2021-03-02,337
Lombardia,2021-03-02,3762
Marche,2021-03-02,415
Molise,2021-03-02,18
Piemonte,2021-03-02,1609
Puglia,2021-03-02,1021
Sardegna,2021-03-02,70
Sicilia,2021-03-02,566
Toscana,2021-03-02,1058
Trentino-Alto Adige,2021-03-02,456
Trentino-Alto Adige,2021-03-02,0
Umbria,2021-03-02,289
Valle d'Aosta,2021-03-02,6
Veneto,2021-03-02,1228
Abruzzo,2021-03-03,569
Basilicata,2021-03-03,124
Calabria,2021-03-03,230
Campania,2021-03-03,2635
Emilia-Romagna,2021-03-03,2416
Friuli Venezia Giulia,2021-03-03,693
Lazio,2021-03-03,1520
Liguria,2021-03-03,368
Lombardia,2021-03-03,4590
Marche,2021-03-03,759
Molise,2021-03-03,116
Piemonte,2021-03-03,1537
Puglia,2021-03-03,1261
Sardegna,2021-03-03,101
Sicilia,2021-03-03,539
Toscana,2021-03-03,1163
Trentino-Alto Adige,2021-03-03,637
Trentino-Alto Adige,2021-03-03,0
Umbria,2021-03-03,301
Valle d'Aosta,2021-03-03,9
Veneto,2021-03-03,1272
